,tournament,stage,home,score,away,url,first_shooter,First_team_wins
3,Champions league,Final,Bayern Munich,3:4 PSO,Chelsea,https://www.transfermarkt.com/spielbericht/index/spielbericht/2208062,Bayern Munich,0
5,Champions league,Final,Man Utd,6:5 PSO,Chelsea,https://www.transfermarkt.com/spielbericht/index/spielbericht/909764,Man Utd,1
7,Champions league,Final,AC Milan,2:3 PSO,Liverpool,https://www.transfermarkt.com/spielbericht/index/spielbericht/31195,AC Milan,0
8,Champions league,Final,Juventus,2:3 PSO,Milan,https://www.transfermarkt.com/spielbericht/index/spielbericht/985129,Juventus,0
9,Champions league,Final,Juventus,4:2 PSO,Ajax,https://www.transfermarkt.com/spielbericht/index/spielbericht/1067646,Ajax,0
12,Champions league,Final,PSV Eindhoven,6:5 PSO,Benfica,https://www.transfermarkt.com/spielbericht/index/spielbericht/1020182,PSV Eindhoven,1
13,Champions league,Final,Steaua Bucharest,2:0 PSO,Barcelona,https://www.transfermarkt.com/spielbericht/index/spielbericht/1020440,Steaua Bucharest,1
15,Champions league,Final,Liverpool,4:2 PSO,AS Roma,https://www.transfermarkt.com/spielbericht/index/spielbericht/1020761,Liverpool,1
21,Champions league,Final,Real Madrid,5:3 PSO,Atlético Madrid,https://www.transfermarkt.com/spielbericht/index/spielbericht/2690027,Real Madrid,1
28,Champions league,Final,Bayern Munich,5:4 PSO,Valencia,https://www.transfermarkt.com/spielbericht/index/spielbericht/990248,Bayern Munich,1
29,Champions league,Final,Red Star,5:3 PSO,Marseille,https://www.transfermarkt.com/spielbericht/index/spielbericht/1081866,Red Star,1
1,Europa league,Final,Sevilla FC,4:1 PSO,AS Roma,https://www.transfermarkt.com/spielbericht/index/spielbericht/4078394,Sevilla FC,1
3,Europa league,Final,E. Frankfurt,5:4 PSO,Rangers,https://www.transfermarkt.com/spielbericht/index/spielbericht/3813154,Rangers,0
4,Europa league,Final,Villarreal,11:10 PSO,Man Utd,https://www.transfermarkt.com/spielbericht/index/spielbericht/3563783,Villarreal,1
14,Europa league,Final,Espanyol,1:3 PSO,Sevilla FC,https://www.transfermarkt.com/spielbericht/index/spielbericht/68268,Sevilla FC,1
22,Europa league,Final,Galatasaray,4:1 PSO,Arsenal,https://www.transfermarkt.com/spielbericht/index/spielbericht/938698,Galatasaray,1
35,Europa league,Final,B. Leverkusen,3:2 PSO,Español,https://www.transfermarkt.com/spielbericht/index/spielbericht/986864,Español,0
41,Europa league,Final,Tottenham,4:3 PSO,RSC Anderlecht,https://www.transfermarkt.com/spielbericht/index/spielbericht/2265988,Tottenham,1
58,Europa league,Final,Sevilla FC,4:2 PSO,Benfica,https://www.transfermarkt.com/spielbericht/index/spielbericht/2456992,Benfica,0
77,Europa league,Final,Inter,1:4 PSO,FC Schalke 04,https://www.transfermarkt.com/spielbericht/index/spielbericht/988732,FC Schalke 04,1
0,Community Shield,Final,Man City,5:4 PSO,Sevilla FC,https://www.transfermarkt.com/spielbericht/index/spielbericht/4087203,Man City,1
1,Community Shield,Final,Liverpool,5:4 PSO,Chelsea,https://www.transfermarkt.com/spielbericht/index/spielbericht/3192360,Liverpool,1
2,Community Shield,Final,Chelsea,6:5 PSO,Villarreal,https://www.transfermarkt.com/spielbericht/index/spielbericht/3639329,Chelsea,1
3,Community Shield,Final,Bayern Munich,5:4 PSO,Chelsea,https://www.transfermarkt.com/spielbericht/index/spielbericht/2366616,Bayern Munich,1
0,World cup,Second Round,Wydad AC,3:5 PSO,Al-Hilal,https://www.transfermarkt.com/spielbericht/index/spielbericht/4018742,Al-Hilal,1
1,World cup,Third Place Play-Off,Monterrey,4:3 PSO,Al-Hilal,https://www.transfermarkt.com/spielbericht/index/spielbericht/3293375,Al-Hilal,0
2,World cup,Semi-Finals,River Plate,4:5 PSO,Al-Ain,https://www.transfermarkt.com/spielbericht/index/spielbericht/3136248,Al-Ain,1
3,World cup,Third Place Play-Off,América,3:4 PSO,Atl. Nacional,https://www.transfermarkt.com/spielbericht/index/spielbericht/2806803,América,0
4,World cup,5th place match,ES Sétif,5:4 PSO,Western Sydney,https://www.transfermarkt.com/spielbericht/index/spielbericht/2518319,Western Sydney,0
5,World cup,Third Place Play-Off,Kashiwa Reysol,3:5 PSO,Al-Sadd,https://www.transfermarkt.com/spielbericht/index/spielbericht/1174207,Al-Sadd,1
6,World cup,5th place match,Pachuca,4:2 PSO,Al-Wahda,https://www.transfermarkt.com/spielbericht/index/spielbericht/1069078,Pachuca,1
7,World cup,Third Place Play-Off,ES Sahel,2:4 PSO,Urawa Reds,https://www.transfermarkt.com/spielbericht/index/spielbericht/991937,Urawa Reds,1
8,World cup,Final,Vasco da Gama,3:4 PSO,Corinthians,https://www.transfermarkt.com/spielbericht/index/spielbericht/2301396,Corinthians,1
9,World cup,Third Place Play-Off,Ahly SC,3:2 PSO,Palmeiras,https://www.transfermarkt.com/spielbericht/index/spielbericht/3519510,Ahly SC,1
10,World cup,5th place match,Esperance,6:5 PSO,Chivas,https://www.transfermarkt.com/spielbericht/index/spielbericht/3136249,Chivas,0
11,World cup,Qualifying Round,Al-Ain,4:3 PSO,Team Wellington,https://www.transfermarkt.com/spielbericht/index/spielbericht/3126074,Al-Ain,1
12,World cup,Third Place Play-Off,CD Cruz Azul,2:4 PSO,Auckland City,https://www.transfermarkt.com/spielbericht/index/spielbericht/2518506,Auckland City,1
13,World cup,First Round,Moghreb Tétouan,3:4 PSO,Auckland City,https://www.transfermarkt.com/spielbericht/index/spielbericht/2511580,Auckland City,1
14,World cup,Quarter-Finals,Kashiwa Reysol,4:3 PSO,Monterrey,https://www.transfermarkt.com/spielbericht/index/spielbericht/1170429,Monterrey,0
15,World cup,Third Place Play-Off,Pohang Steelers,4:3 PSO,Atlante,https://www.transfermarkt.com/spielbericht/index/spielbericht/988665,Atlante,0
16,World cup,Third Place Play-Off,Real Madrid,3:4 PSO,Necaxa,https://www.transfermarkt.com/spielbericht/index/spielbericht/2301395,Real Madrid,0
0,Euro,Quarter-Finals,England,5:3 PSO,Switzerland,https://www.transfermarkt.com/spielbericht/index/spielbericht/4359338,England,1
1,Euro,Round of 16,Portugal,3:0 PSO,Slovenia,https://www.transfermarkt.com/spielbericht/index/spielbericht/4359332,Slovenia,0
2,Euro,Semi-Finals,Italy,4:2 PSO,Spain,https://www.transfermarkt.com/spielbericht/index/spielbericht/3598434,Italy,1
3,Euro,Round of 16,France,4:5 PSO,Switzerland,https://www.transfermarkt.com/spielbericht/index/spielbericht/3587344,Switzerland,1
4,Euro,Quarter-Finals,Poland,3:5 PSO,Portugal,https://www.transfermarkt.com/spielbericht/index/spielbericht/2702906,Portugal,1
5,Euro,Semi-Finals,Portugal,2:4 PSO,Spain,https://www.transfermarkt.com/spielbericht/index/spielbericht/2221241,Spain,1
6,Euro,Quarter-Finals,Spain,4:2 PSO,Italy,https://www.transfermarkt.com/spielbericht/index/spielbericht/910151,Spain,1
7,Euro,Quarter-Finals,Sweden,4:5 PSO,Netherlands,https://www.transfermarkt.com/spielbericht/index/spielbericht/21030,Sweden,0
8,Euro,Semi-Finals,Netherlands,1:3 PSO,Italy,https://www.transfermarkt.com/spielbericht/index/spielbericht/935960,Italy,1
9,Euro,Semi-Finals,Czechia,6:5 PSO,France,https://www.transfermarkt.com/spielbericht/index/spielbericht/935929,France,0
10,Euro,Quarter-Finals,France,5:4 PSO,Netherlands,https://www.transfermarkt.com/spielbericht/index/spielbericht/935927,Netherlands,0
11,Euro,Semi-Finals,Spain,5:4 PSO,Denmark,https://www.transfermarkt.com/spielbericht/index/spielbericht/964067,Denmark,0
12,Euro,Final,ČSR,5:3 PSO,Germany,https://www.transfermarkt.com/spielbericht/index/spielbericht/965787,Germany,0
13,Euro,Quarter-Finals,Portugal,3:5 PSO,France,https://www.transfermarkt.com/spielbericht/index/spielbericht/4359337,France,1
14,Euro,Final,Italy,3:2 PSO,England,https://www.transfermarkt.com/spielbericht/index/spielbericht/3605575,Italy,1
15,Euro,Quarter-Finals,Switzerland,1:3 PSO,Spain,https://www.transfermarkt.com/spielbericht/index/spielbericht/3590598,Spain,1
16,Euro,Quarter-Finals,Germany,6:5 PSO,Italy,https://www.transfermarkt.com/spielbericht/index/spielbericht/2702908,Italy,0
17,Euro,Round of 16,Switzerland,4:5 PSO,Poland,https://www.transfermarkt.com/spielbericht/index/spielbericht/2701329,Switzerland,0
18,Euro,Quarter-Finals,England,2:4 PSO,Italy,https://www.transfermarkt.com/spielbericht/index/spielbericht/2219616,Italy,1
19,Euro,Quarter-Finals,Croatia,1:3 PSO,Turkiye,https://www.transfermarkt.com/spielbericht/index/spielbericht/910143,Croatia,0
20,Euro,Quarter-Finals,Portugal,6:5 PSO,England,https://www.transfermarkt.com/spielbericht/index/spielbericht/21028,England,0
21,Euro,Semi-Finals,Germany,6:5 PSO,England,https://www.transfermarkt.com/spielbericht/index/spielbericht/935928,England,0
22,Euro,Quarter-Finals,Spain,2:4 PSO,England,https://www.transfermarkt.com/spielbericht/index/spielbericht/935925,England,1
23,Euro,Semi-Finals,Netherlands,4:5 PSO,Denmark,https://www.transfermarkt.com/spielbericht/index/spielbericht/928099,Netherlands,0
24,Euro,Third Place Play-Off,ČSR,9:8 PSO,Italy,https://www.transfermarkt.com/spielbericht/index/spielbericht/964081,Italy,0
0,Club world cup,Second Round,Wydad AC,3:5 PSO,Al-Hilal,https://www.transfermarkt.com/spielbericht/index/spielbericht/4018742,Al-Hilal,1
1,Club world cup,Third Place Play-Off,Monterrey,4:3 PSO,Al-Hilal,https://www.transfermarkt.com/spielbericht/index/spielbericht/3293375,Al-Hilal,0
2,Club world cup,Semi-Finals,River Plate,4:5 PSO,Al-Ain,https://www.transfermarkt.com/spielbericht/index/spielbericht/3136248,Al-Ain,1
3,Club world cup,Third Place Play-Off,América,3:4 PSO,Atl. Nacional,https://www.transfermarkt.com/spielbericht/index/spielbericht/2806803,América,0
4,Club world cup,5th place match,ES Sétif,5:4 PSO,Western Sydney,https://www.transfermarkt.com/spielbericht/index/spielbericht/2518319,Western Sydney,0
5,Club world cup,Third Place Play-Off,Kashiwa Reysol,3:5 PSO,Al-Sadd,https://www.transfermarkt.com/spielbericht/index/spielbericht/1174207,Al-Sadd,1
6,Club world cup,5th place match,Pachuca,4:2 PSO,Al-Wahda,https://www.transfermarkt.com/spielbericht/index/spielbericht/1069078,Pachuca,1
7,Club world cup,Third Place Play-Off,ES Sahel,2:4 PSO,Urawa Reds,https://www.transfermarkt.com/spielbericht/index/spielbericht/991937,Urawa Reds,1
8,Club world cup,Final,Vasco da Gama,3:4 PSO,Corinthians,https://www.transfermarkt.com/spielbericht/index/spielbericht/2301396,Corinthians,1
9,Club world cup,Third Place Play-Off,Ahly SC,3:2 PSO,Palmeiras,https://www.transfermarkt.com/spielbericht/index/spielbericht/3519510,Ahly SC,1
10,Club world cup,5th place match,Esperance,6:5 PSO,Chivas,https://www.transfermarkt.com/spielbericht/index/spielbericht/3136249,Chivas,0
11,Club world cup,Qualifying Round,Al-Ain,4:3 PSO,Team Wellington,https://www.transfermarkt.com/spielbericht/index/spielbericht/3126074,Al-Ain,1
12,Club world cup,Third Place Play-Off,CD Cruz Azul,2:4 PSO,Auckland City,https://www.transfermarkt.com/spielbericht/index/spielbericht/2518506,Auckland City,1
13,Club world cup,First Round,Moghreb Tétouan,3:4 PSO,Auckland City,https://www.transfermarkt.com/spielbericht/index/spielbericht/2511580,Auckland City,1
14,Club world cup,Quarter-Finals,Kashiwa Reysol,4:3 PSO,Monterrey,https://www.transfermarkt.com/spielbericht/index/spielbericht/1170429,Monterrey,0
15,Club world cup,Third Place Play-Off,Pohang Steelers,4:3 PSO,Atlante,https://www.transfermarkt.com/spielbericht/index/spielbericht/988665,Atlante,0
16,Club world cup,Third Place Play-Off,Real Madrid,3:4 PSO,Necaxa,https://www.transfermarkt.com/spielbericht/index/spielbericht/2301395,Real Madrid,0
0,Afcon,Third Place Play-Off,South Africa,6:5 PSO,DR Congo,https://www.transfermarkt.com/spielbericht/index/spielbericht/4283994,South Africa,1
1,Afcon,Quarter-Finals,Cape Verde,1:2 PSO,South Africa,https://www.transfermarkt.com/spielbericht/index/spielbericht/4279375,Cape Verde,0
2,Afcon,Round of 16,Egypt,7:8 PSO,DR Congo,https://www.transfermarkt.com/spielbericht/index/spielbericht/4273514,Egypt,0
3,Afcon,Third Place Play-Off,Burkina Faso,3:5 PSO,Cameroon,https://www.transfermarkt.com/spielbericht/index/spielbericht/3744818,Cameroon,1
4,Afcon,Round of 16,Ivory Coast,4:5 PSO,Egypt,https://www.transfermarkt.com/spielbericht/index/spielbericht/3735716,Ivory Coast,0
5,Afcon,Round of 16,Burkina Faso,7:6 PSO,Gabon,https://www.transfermarkt.com/spielbericht/index/spielbericht/3735709,Gabon,0
6,Afcon,Round of 16,Ghana,4:5 PSO,Tunisia,https://www.transfermarkt.com/spielbericht/index/spielbericht/3207275,Ghana,0
7,Afcon,Round of 16,Morocco,1:4 PSO,Benin,https://www.transfermarkt.com/spielbericht/index/spielbericht/3207268,Benin,1
8,Afcon,Quarter-Finals,Senegal,4:5 PSO,Cameroon,https://www.transfermarkt.com/spielbericht/index/spielbericht/2817761,Senegal,0
9,Afcon,Third Place Play-Off,DR Congo,4:2 PSO,Equat. Guinea,https://www.transfermarkt.com/spielbericht/index/spielbericht/2533046,Equat. Guinea,0
10,Afcon,Quarter-Finals,South Africa,1:3 PSO,Mali,https://www.transfermarkt.com/spielbericht/index/spielbericht/2289021,South Africa,0
11,Afcon,Quarter-Finals,Gabon,4:5 PSO,Mali,https://www.transfermarkt.com/spielbericht/index/spielbericht/1183027,Gabon,0
12,Afcon,Final,Egypt,4:2 PSO,Ivory Coast,https://www.transfermarkt.com/spielbericht/index/spielbericht/1053038,Egypt,1
13,Afcon,Quarter-Finals,Nigeria,6:5 PSO,Tunisia,https://www.transfermarkt.com/spielbericht/index/spielbericht/1053033,Nigeria,1
14,Afcon,Final,Senegal,2:3 PSO,Cameroon,https://www.transfermarkt.com/spielbericht/index/spielbericht/2386701,Cameroon,1
15,Afcon,Third Place Play-Off,South Africa,4:3 PSO,Tunisia,https://www.transfermarkt.com/spielbericht/index/spielbericht/2386829,Tunisia,0
16,Afcon,Quarter-Finals,Tunisia,7:8 PSO,Burkina Faso,https://www.transfermarkt.com/spielbericht/index/spielbericht/2386988,Burkina Faso,1
17,Afcon,Quarter-Finals,Gabon,1:4 PSO,Tunisia,https://www.transfermarkt.com/spielbericht/index/spielbericht/3359461,Tunisia,1
18,Afcon,Final,Ivory Coast,10:9 PSO,Ghana,https://www.transfermarkt.com/spielbericht/index/spielbericht/3413873,Ivory Coast,1
19,Afcon,Third Place Play-Off,Morocco,3:4 PSO,Algeria,https://www.transfermarkt.com/spielbericht/index/spielbericht/3532487,Morocco,0
20,Afcon,Final,Egypt,5:4 PSO,Cameroon,https://www.transfermarkt.com/spielbericht/index/spielbericht/3533830,Egypt,1
21,Afcon,Semi-Finals,Egypt,7:8 PSO,Nigeria,https://www.transfermarkt.com/spielbericht/index/spielbericht/3540951,Nigeria,1
22,Afcon,Semi-Finals,Algeria,4:2 PSO,Egypt,https://www.transfermarkt.com/spielbericht/index/spielbericht/3576819,Algeria,1
23,Afcon,Semi-Finals,Nigeria,4:2 PSO,South Africa,https://www.transfermarkt.com/spielbericht/index/spielbericht/4282500,Nigeria,1
24,Afcon,Round of 16,Senegal,4:5 PSO,Ivory Coast,https://www.transfermarkt.com/spielbericht/index/spielbericht/4273515,Senegal,0
25,Afcon,Final,Senegal,4:2 PSO,Egypt,https://www.transfermarkt.com/spielbericht/index/spielbericht/3744163,Senegal,1
26,Afcon,Semi-Finals,Cameroon,1:3 PSO,Egypt,https://www.transfermarkt.com/spielbericht/index/spielbericht/3742516,Cameroon,0
27,Afcon,Round of 16,Mali,5:6 PSO,Equat. Guinea,https://www.transfermarkt.com/spielbericht/index/spielbericht/3735712,Equat. Guinea,1
28,Afcon,Quarter-Finals,Ivory Coast,3:4 PSO,Algeria,https://www.transfermarkt.com/spielbericht/index/spielbericht/3212125,Algeria,1
29,Afcon,Round of 16,Madagascar,4:2 PSO,DR Congo,https://www.transfermarkt.com/spielbericht/index/spielbericht/3207272,Madagascar,1
30,Afcon,Semi-Finals,Burkina Faso,3:4 PSO,Egypt,https://www.transfermarkt.com/spielbericht/index/spielbericht/2818967,Egypt,1
31,Afcon,Final,Ivory Coast,9:8 PSO,Ghana,https://www.transfermarkt.com/spielbericht/index/spielbericht/2533047,Ghana,0
32,Afcon,Semi-Finals,Burkina Faso,3:2 PSO,Ghana,https://www.transfermarkt.com/spielbericht/index/spielbericht/2289692,Ghana,0
33,Afcon,Final,Zambia,8:7 PSO,Ivory Coast,https://www.transfermarkt.com/spielbericht/index/spielbericht/1184472,Ivory Coast,0
34,Afcon,Quarter-Finals,Zambia,4:5 PSO,Nigeria,https://www.transfermarkt.com/spielbericht/index/spielbericht/993578,Zambia,0
35,Afcon,Quarter-Finals,Cameroon,11:12 PSO,Ivory Coast,https://www.transfermarkt.com/spielbericht/index/spielbericht/1053034,Cameroon,0
36,Afcon,Semi-Finals,Tunisia,5:3 PSO,Nigeria,https://www.transfermarkt.com/spielbericht/index/spielbericht/1060063,Tunisia,1
37,Afcon,Final,Nigeria,3:4 PSO,Cameroon,https://www.transfermarkt.com/spielbericht/index/spielbericht/2386830,Nigeria,0
38,Afcon,Third Place Play-Off,DR Congo,4:1 PSO,Burkina Faso,https://www.transfermarkt.com/spielbericht/index/spielbericht/2386993,DR Congo,1
39,Afcon,Quarter-Finals,Ivory Coast,4:5 PSO,Egypt,https://www.transfermarkt.com/spielbericht/index/spielbericht/2386989,Ivory Coast,0
40,Afcon,Semi-Finals,Nigeria,4:2 PSO,Ivory Coast,https://www.transfermarkt.com/spielbericht/index/spielbericht/3368390,Nigeria,1
41,Afcon,Semi-Finals,Cameroon,1:3 PSO,Ivory Coast,https://www.transfermarkt.com/spielbericht/index/spielbericht/3413865,Ivory Coast,1
42,Afcon,Semi-Finals,Nigeria,9:8 PSO,Algeria,https://www.transfermarkt.com/spielbericht/index/spielbericht/3532479,Nigeria,1
43,Afcon,Semi-Finals,Algeria,4:5 PSO,Cameroon,https://www.transfermarkt.com/spielbericht/index/spielbericht/3540952,Algeria,0
44,Afcon,Final,Ghana,7:6 PSO,Libya,https://www.transfermarkt.com/spielbericht/index/spielbericht/3575977,Ghana,1
0,Copa America,Third Place Play-Off,Canada,3:4 PSO,Uruguay,https://www.transfermarkt.com/spielbericht/index/spielbericht/4359364,Canada,0
1,Copa America,Quarter-Finals,Venezuela,3:4 PSO,Canada,https://www.transfermarkt.com/spielbericht/index/spielbericht/4359359,Venezuela,0
2,Copa America,Semi-Finals,Argentina,3:2 PSO,Colombia,https://www.transfermarkt.com/spielbericht/index/spielbericht/3602647,Colombia,0
3,Copa America,Quarter-Finals,Peru,4:3 PSO,Paraguay,https://www.transfermarkt.com/spielbericht/index/spielbericht/3590490,Paraguay,0
4,Copa America,Quarter-Finals,Uruguay,4:5 PSO,Peru,https://www.transfermarkt.com/spielbericht/index/spielbericht/3201609,Uruguay,0
5,Copa America,Final,Argentina,2:4 PSO,Chile,https://www.transfermarkt.com/spielbericht/index/spielbericht/2702104,Chile,1
6,Copa America,Final,Chile,4:1 PSO,Argentina,https://www.transfermarkt.com/spielbericht/index/spielbericht/2584679,Chile,1
7,Copa America,Quarter-Finals,Brazil,3:4 PSO,Paraguay,https://www.transfermarkt.com/spielbericht/index/spielbericht/2580101,Brazil,0
8,Copa America,Quarter-Finals,Brazil,0:2 PSO,Paraguay,https://www.transfermarkt.com/spielbericht/index/spielbericht/1127605,Brazil,0
9,Copa America,Semi-Finals,Uruguay,4:5 PSO,Brazil,https://www.transfermarkt.com/spielbericht/index/spielbericht/1021976,Brazil,1
10,Copa America,Semi-Finals,Uruguay,3:5 PSO,Brazil,https://www.transfermarkt.com/spielbericht/index/spielbericht/1022235,Brazil,1
11,Copa America,Semi-Finals,Uruguay,5:3 PSO,Chile,https://www.transfermarkt.com/spielbericht/index/spielbericht/3041945,Uruguay,1
12,Copa America,Quarter-Finals,Mexico,4:2 PSO,Peru,https://www.transfermarkt.com/spielbericht/index/spielbericht/3041941,Mexico,1
13,Copa America,Final,Uruguay,5:3 PSO,Brazil,https://www.transfermarkt.com/spielbericht/index/spielbericht/3042016,Uruguay,1
14,Copa America,Quarter-Finals,USA,4:1 PSO,Mexico,https://www.transfermarkt.com/spielbericht/index/spielbericht/3042011,USA,1
15,Copa America,Semi-Finals,Argentina,6:5 PSO,Colombia,https://www.transfermarkt.com/spielbericht/index/spielbericht/3042041,Colombia,0
16,Copa America,Quarter-Finals,Colombia,5:3 PSO,Uruguay,https://www.transfermarkt.com/spielbericht/index/spielbericht/3042037,Colombia,1
17,Copa America,Quarter-Finals,Uruguay,4:2 PSO,Brazil,https://www.transfermarkt.com/spielbericht/index/spielbericht/4359361,Uruguay,1
18,Copa America,Quarter-Finals,Argentina,4:2 PSO,Ecuador,https://www.transfermarkt.com/spielbericht/index/spielbericht/4359358,Argentina,1
19,Copa America,Quarter-Finals,Uruguay,2:4 PSO,Colombia,https://www.transfermarkt.com/spielbericht/index/spielbericht/3590492,Colombia,1
20,Copa America,Quarter-Finals,Colombia,4:5 PSO,Chile,https://www.transfermarkt.com/spielbericht/index/spielbericht/3201608,Colombia,0
21,Copa America,Quarter-Finals,Brazil,4:3 PSO,Paraguay,https://www.transfermarkt.com/spielbericht/index/spielbericht/3201606,Paraguay,0
22,Copa America,Quarter-Finals,Peru,2:4 PSO,Colombia,https://www.transfermarkt.com/spielbericht/index/spielbericht/2698018,Colombia,1
23,Copa America,Quarter-Finals,Argentina,5:4 PSO,Colombia,https://www.transfermarkt.com/spielbericht/index/spielbericht/2580100,Colombia,0
24,Copa America,Semi-Finals,Paraguay,5:3 PSO,Venezuela,https://www.transfermarkt.com/spielbericht/index/spielbericht/1128035,Paraguay,1
25,Copa America,Quarter-Finals,Argentina,4:5 PSO,Uruguay,https://www.transfermarkt.com/spielbericht/index/spielbericht/1127604,Argentina,0
26,Copa America,Final,Argentina,2:4 PSO,Brazil,https://www.transfermarkt.com/spielbericht/index/spielbericht/1022237,Argentina,0
27,Copa America,Third Place Play-Off,Uruguay,4:5 PSO,Honduras,https://www.transfermarkt.com/spielbericht/index/spielbericht/1022263,Uruguay,0
28,Copa America,Quarter-Finals,Uruguay,5:3 PSO,Paraguay,https://www.transfermarkt.com/spielbericht/index/spielbericht/3041942,Uruguay,1
29,Copa America,Quarter-Finals,Mexico,4:3 PSO,Ecuador,https://www.transfermarkt.com/spielbericht/index/spielbericht/3041979,Ecuador,0
30,Copa America,Quarter-Finals,Brazil,4:2 PSO,Argentina,https://www.transfermarkt.com/spielbericht/index/spielbericht/3042012,Brazil,1
31,Copa America,Quarter-Finals,Colombia,5:4 PSO,Paraguay,https://www.transfermarkt.com/spielbericht/index/spielbericht/3042009,Colombia,1
32,Copa America,Quarter-Finals,Argentina,6:5 PSO,Brazil,https://www.transfermarkt.com/spielbericht/index/spielbericht/3042038,Brazil,0
11,FA cup,Semi-Finals,Brighton,6:7 PSO,Man Utd,https://www.transfermarkt.com/spielbericht/index/spielbericht/4042688,Brighton,0
43,FA cup,Final,Arsenal,5:4 PSO,Man Utd,https://www.transfermarkt.com/spielbericht/index/spielbericht/1169029,Man Utd,0
52,FA cup,Semi-Finals,Bolton,1:4 PSO,Aston Villa,https://www.transfermarkt.com/spielbericht/index/spielbericht/3051757,Aston Villa,1
74,FA cup,Semi-Finals,Portsmouth,1:3 PSO,Liverpool,https://www.transfermarkt.com/spielbericht/index/spielbericht/2851308,Portsmouth,0
89,FA cup,Semi-Finals,Coventry,2:4 PSO,Man Utd,https://www.transfermarkt.com/spielbericht/index/spielbericht/4313194,Man Utd,1
93,FA cup,Final,Chelsea,5:6 PSO,Liverpool,https://www.transfermarkt.com/spielbericht/index/spielbericht/3813442,Chelsea,0
109,FA cup,Semi-Finals,Wigan,2:4 PSO,Arsenal,https://www.transfermarkt.com/spielbericht/index/spielbericht/2446416,Wigan,0
115,FA cup,Semi-Finals,Man Utd,2:4 PSO,Everton,https://www.transfermarkt.com/spielbericht/index/spielbericht/940166,Everton,1
121,FA cup,Final,Liverpool,3:1 PSO,West Ham,https://www.transfermarkt.com/spielbericht/index/spielbericht/945554,Liverpool,1
0,AFC Asian Cup,Quarter-Finals,Qatar,3:2 PSO,Uzbekistan,https://www.transfermarkt.com/spielbericht/index/spielbericht/4280472,Uzbekistan,0
1,AFC Asian Cup,Round of 16,Saudi Arabia,2:4 PSO,South Korea,https://www.transfermarkt.com/spielbericht/index/spielbericht/4274565,Saudi Arabia,0
2,AFC Asian Cup,Round of 16,Australia,4:2 PSO,Uzbekistan,https://www.transfermarkt.com/spielbericht/index/spielbericht/3148281,Australia,1
3,AFC Asian Cup,Quarter-Finals,Iran,6:7 PSO,Iraq,https://www.transfermarkt.com/spielbericht/index/spielbericht/2528974,Iran,0
4,AFC Asian Cup,Semi-Finals,Japan,3:0 PSO,South Korea,https://www.transfermarkt.com/spielbericht/index/spielbericht/1074870,Japan,1
5,AFC Asian Cup,Semi-Finals,Iraq,4:3 PSO,South Korea,https://www.transfermarkt.com/spielbericht/index/spielbericht/1151065,Iraq,1
6,AFC Asian Cup,Quarter-Finals,Japan,4:3 PSO,Australia,https://www.transfermarkt.com/spielbericht/index/spielbericht/1151061,Australia,0
7,AFC Asian Cup,Quarter-Finals,Japan,4:3 PSO,Jordan,https://www.transfermarkt.com/spielbericht/index/spielbericht/2388679,Japan,1
8,AFC Asian Cup,Round of 16,Iran,5:3 PSO,Syria,https://www.transfermarkt.com/spielbericht/index/spielbericht/4274567,Iran,1
9,AFC Asian Cup,Round of 16,Tajikistan,5:3 PSO,UAE,https://www.transfermarkt.com/spielbericht/index/spielbericht/4274561,Tajikistan,1
10,AFC Asian Cup,Round of 16,Jordan,2:4 PSO,Vietnam,https://www.transfermarkt.com/spielbericht/index/spielbericht/3148277,Vietnam,1
11,AFC Asian Cup,Quarter-Finals,Japan,4:5 PSO,UAE,https://www.transfermarkt.com/spielbericht/index/spielbericht/2528975,Japan,0
12,AFC Asian Cup,Third Place Play-Off,South Korea,6:5 PSO,Japan,https://www.transfermarkt.com/spielbericht/index/spielbericht/1151073,South Korea,1
13,AFC Asian Cup,Quarter-Finals,Iran,2:4 PSO,South Korea,https://www.transfermarkt.com/spielbericht/index/spielbericht/1151063,South Korea,1
14,AFC Asian Cup,Semi-Finals,China,4:3 PSO,Iran,https://www.transfermarkt.com/spielbericht/index/spielbericht/2388680,China,1
15,AFC Asian Cup,Quarter-Finals,Uzbekistan,3:4 PSO,Bahrain,https://www.transfermarkt.com/spielbericht/index/spielbericht/2388677,Bahrain,1
0,Olympic,Quarter-Finals,Egypt,5:4 PSO,Paraguay,https://www.transfermarkt.com/spielbericht/index/spielbericht/4397266,Paraguay,0
1,Olympic,Quarter-Finals,Japan,4:2 PSO,New Zealand,https://www.transfermarkt.com/spielbericht/index/spielbericht/3628147,New Zealand,0
2,Olympic,Quarter-Finals,Great Britain,4:5 PSO,South Korea Ol.,https://www.transfermarkt.com/spielbericht/index/spielbericht/2688699,Great Britain,0
3,Olympic,Quarter-Finals,USA,5:4 PSO,Japan,https://www.transfermarkt.com/spielbericht/index/spielbericht/2688792,Japan,0
4,Olympic,Quarter-Finals,Brazil Olympic,4:2 PSO,Canada,https://www.transfermarkt.com/spielbericht/index/spielbericht/2690273,Brazil Olympic,1
5,Olympic,Semi-Finals,Mexico,1:4 PSO,Brazil Olympic,https://www.transfermarkt.com/spielbericht/index/spielbericht/3635813,Brazil Olympic,1
6,Olympic,Final,Brazil Olympic,5:4 PSO,Germany,https://www.transfermarkt.com/spielbericht/index/spielbericht/2748967,Brazil Olympic,1
7,Olympic,Final,Cameroon,5:3 PSO,Spain,https://www.transfermarkt.com/spielbericht/index/spielbericht/2688799,Spain,0
8,Olympic,Semi-Finals,Brazil Olympic,3:2 PSO,Germany,https://www.transfermarkt.com/spielbericht/index/spielbericht/2689604,Brazil Olympic,1
